"h3","text","href","markdown"
"ブックマーク",NA,NA,NA
"Bookmark",NA,NA,NA
"R",NA,NA,NA
NA,"Tidyverse","https://www.tidyverse.org/blog/2020/04/dplyr-1-0-0-colwise/","- [Tidyverse](https://www.tidyverse.org/blog/2020/04/dplyr-1-0-0-colwise/)"
NA,"Summarise each group to fewer rows — summarise • dplyr","https://dplyr.tidyverse.org/reference/summarise.html","- [Summarise each group to fewer rows — summarise • dplyr](https://dplyr.tidyverse.org/reference/summarise.html)"
NA,"dplyr入門 (新版)","https://www.jaysong.net/dplyr_intro/","- [dplyr入門 (新版)](https://www.jaysong.net/dplyr_intro/)"
NA,"How to Check Quantiles in R","https://www.dummies.com/programming/r/how-to-check-quantiles-in-r/","- [How to Check Quantiles in R](https://www.dummies.com/programming/r/how-to-check-quantiles-in-r/)"
NA,"dplyr でグループごとに複数カラムを追加したい #rstatsj - Qiita","https://qiita.com/hoxo_m/items/9d2f91008335b03bf082","- [dplyr でグループごとに複数カラムを追加したい #rstatsj - Qiita](https://qiita.com/hoxo_m/items/9d2f91008335b03bf082)"
NA,"RPubs - dplyrでgroup_byした後にquantilesする関数","https://rpubs.com/kazutan/d_quant","- [RPubs - dplyrでgroup_byした後にquantilesする関数](https://rpubs.com/kazutan/d_quant)"
NA,"r - How to use dplyr to generate a frequency table - Stack Overflow","https://stackoverflow.com/questions/34860535/how-to-use-dplyr-to-generate-a-frequency-table","- [r - How to use dplyr to generate a frequency table - Stack Overflow](https://stackoverflow.com/questions/34860535/how-to-use-dplyr-to-generate-a-frequency-table)"
NA,"ggplot 要約統計 - Google 検索","https://www.google.com/search?q=ggplot+%E8%A6%81%E7%B4%84%E7%B5%B1%E8%A8%88&oq=ggplot+%E8%A6%81%E7%B4%84%E7%B5%B1%E8%A8%88&aqs=chrome..69i57.6703j0j1&sourceid=chrome&ie=UTF-8","- [ggplot 要約統計 - Google 検索](https://www.google.com/search?q=ggplot+%E8%A6%81%E7%B4%84%E7%B5%B1%E8%A8%88&oq=ggplot+%E8%A6%81%E7%B4%84%E7%B5%B1%E8%A8%88&aqs=chrome..69i57.6703j0j1&sourceid=chrome&ie=UTF-8)"
NA,"CrossTable function | R Documentation","https://www.rdocumentation.org/packages/gmodels/versions/2.18.1/topics/CrossTable","- [CrossTable function | R Documentation](https://www.rdocumentation.org/packages/gmodels/versions/2.18.1/topics/CrossTable)"
NA,"analyticswithr.com/contingencytables.html","http://analyticswithr.com/contingencytables.html","- [analyticswithr.com/contingencytables.html](http://analyticswithr.com/contingencytables.html)"
NA,"Formatted Summary Statistics and Data Summary Tables with qwraps2","https://cran.r-project.org/web/packages/qwraps2/vignettes/summary-statistics.html","- [Formatted Summary Statistics and Data Summary Tables with qwraps2](https://cran.r-project.org/web/packages/qwraps2/vignettes/summary-statistics.html)"
NA,"Introduction to broom","https://cran.r-project.org/web/packages/broom/vignettes/broom.html","- [Introduction to broom](https://cran.r-project.org/web/packages/broom/vignettes/broom.html)"
NA,"Skimrの使用","https://cran.r-project.org/web/packages/skimr/vignettes/skimr.html","- [Skimrの使用](https://cran.r-project.org/web/packages/skimr/vignettes/skimr.html)"
NA,"Chapter 6 Summary Statistics For One Variable | Intermediate Data Wrangling","https://bookdown.org/jonander99/Intermediate_Data_Wrangling/summary-statistics-for-one-variable.html","- [Chapter 6 Summary Statistics For One Variable | Intermediate Data Wrangling](https://bookdown.org/jonander99/Intermediate_Data_Wrangling/summary-statistics-for-one-variable.html)"
NA,"Intermediate Data Wrangling","https://bookdown.org/jonander99/Intermediate_Data_Wrangling/","- [Intermediate Data Wrangling](https://bookdown.org/jonander99/Intermediate_Data_Wrangling/)"
NA,"dplyr Version 1.0.0 新機能 2 列操作 : across - Qiita","https://qiita.com/shunido113/items/701844f03163ec413eb8","- [dplyr Version 1.0.0 新機能 2 列操作 : across - Qiita](https://qiita.com/shunido113/items/701844f03163ec413eb8)"
NA,"R Markdown 環境構築 & トラブルシューティング - Qiita","https://qiita.com/arsley/items/7768f6998014bddb5e3b","- [R Markdown 環境構築 & トラブルシューティング - Qiita](https://qiita.com/arsley/items/7768f6998014bddb5e3b)"
NA,"2.5テーブル| ブックダウン：Rマークダウンを使用した書籍および技術文書の作成","https://bookdown.org/yihui/bookdown/tables.html","- [2.5テーブル| ブックダウン：Rマークダウンを使用した書籍および技術文書の作成](https://bookdown.org/yihui/bookdown/tables.html)"
NA,"Escritura de libros con bookdown","https://rubenfcasal.github.io/bookdown_intro/archivos-de-configuracion.html","- [Escritura de libros con bookdown](https://rubenfcasal.github.io/bookdown_intro/archivos-de-configuracion.html)"
NA,"bookdown/inst/examples at master · rstudio/bookdown","https://github.com/rstudio/bookdown/tree/master/inst/examples","- [bookdown/inst/examples at master · rstudio/bookdown](https://github.com/rstudio/bookdown/tree/master/inst/examples)"
NA,"Home | Bookdown","https://bookdown.org/","- [Home | Bookdown](https://bookdown.org/)"
NA,"6.2 GitHub | bookdown: Authoring Books and Technical Documents with R Markdown","https://bookdown.org/yihui/bookdown/github.html","- [6.2 GitHub | bookdown: Authoring Books and Technical Documents with R Markdown](https://bookdown.org/yihui/bookdown/github.html)"
NA,"bookdown: Authoring Books and Technical Documents with R Markdown","https://bookdown.org/yihui/bookdown/","- [bookdown: Authoring Books and Technical Documents with R Markdown](https://bookdown.org/yihui/bookdown/)"
NA,"R Packages","https://r-pkgs.org/","- [R Packages](https://r-pkgs.org/)"
NA,"R MarkdownでKnitした日付を自動的に挿入 - Qiita","https://qiita.com/kazutan/items/024b7b7176b1f70582ed","- [R MarkdownでKnitした日付を自動的に挿入 - Qiita](https://qiita.com/kazutan/items/024b7b7176b1f70582ed)"
"hoai",NA,NA,NA
NA,"tikeda-caravan/hoai: xaringan packageの拡張themeのPackage","https://github.com/tikeda-caravan/hoai","- [tikeda-caravan/hoai: xaringan packageの拡張themeのPackage](https://github.com/tikeda-caravan/hoai)"
NA,"dastatis templates","file:///Users/tikeda/Dropbox/hoai/inst/rmarkdown/templates/dastatis_style/skeleton/skeleton.html#1","- [dastatis templates](file:///Users/tikeda/Dropbox/hoai/inst/rmarkdown/templates/dastatis_style/skeleton/skeleton.html#1)"
NA,"Hochi115 template slides","file:///Users/tikeda/Dropbox/hoai/inst/rmarkdown/templates/Hochi1115_style/skeleton/skeleton.html#1","- [Hochi115 template slides](file:///Users/tikeda/Dropbox/hoai/inst/rmarkdown/templates/Hochi1115_style/skeleton/skeleton.html#1)"
NA,"tikeda-caravan templates","file:///Users/tikeda/Dropbox/hoai/inst/rmarkdown/templates/tikeda-caravan_style/skeleton/skeleton.html#1","- [tikeda-caravan templates](file:///Users/tikeda/Dropbox/hoai/inst/rmarkdown/templates/tikeda-caravan_style/skeleton/skeleton.html#1)"
NA,"Remark使い方メモ（Markdown でスライドを作るやつ） - Qiita","https://qiita.com/opengl-8080/items/d44aec7c6c643996916b","- [Remark使い方メモ（Markdown でスライドを作るやつ） - Qiita](https://qiita.com/opengl-8080/items/d44aec7c6c643996916b)"
"Causal Inference",NA,NA,NA
NA,"GitHub - remlapmot/cibookex-r: Causal Inference: What If. R and Stata code for Exercises","https://github.com/remlapmot/cibookex-r","- [GitHub - remlapmot/cibookex-r: Causal Inference: What If. R and Stata code for Exercises](https://github.com/remlapmot/cibookex-r)"
NA,"GitHub - CausalInference/gfoRmula: Parametric G-formula for R","https://github.com/CausalInference/gfoRmula","- [GitHub - CausalInference/gfoRmula: Parametric G-formula for R](https://github.com/CausalInference/gfoRmula)"
NA,"Causal Inference: What If. R and Stata code for Exercises","https://remlapmot.github.io/cibookex-r/index.html#downloading-the-datasets","- [Causal Inference: What If. R and Stata code for Exercises](https://remlapmot.github.io/cibookex-r/index.html#downloading-the-datasets)"
"git",NA,NA,NA
NA,"git pull と git pull –rebase の違いって？図を交えて説明します！ – KRAY Inc.","https://kray.jp/blog/git-pull-rebase/","- [git pull と git pull –rebase の違いって？図を交えて説明します！ – KRAY Inc.](https://kray.jp/blog/git-pull-rebase/)"
NA,"すぐ分かる! git の origin と master ってなんだ? - Qiita","https://qiita.com/hshimo/items/99811144bf4a081319e5","- [すぐ分かる! git の origin と master ってなんだ? - Qiita](https://qiita.com/hshimo/items/99811144bf4a081319e5)"
NA,"Gitでローカルブランチを削除する - Qiita","https://qiita.com/hogeta_/items/33d2334c9b1919bd5120","- [Gitでローカルブランチを削除する - Qiita](https://qiita.com/hogeta_/items/33d2334c9b1919bd5120)"
NA,"4. ブランチを削除する｜サル先生のGit入門【プロジェクト管理ツールBacklog】","https://backlog.com/ja/git-tutorial/stepup/10/","- [4. ブランチを削除する｜サル先生のGit入門【プロジェクト管理ツールBacklog】](https://backlog.com/ja/git-tutorial/stepup/10/)"
NA,"RStudioではじめるGitによるバージョン管理 - Qiita","https://qiita.com/uri/items/6b94609f156173ed43ed","- [RStudioではじめるGitによるバージョン管理 - Qiita](https://qiita.com/uri/items/6b94609f156173ed43ed)"
NA,"git remoteでリモートリポジトリの追加を行う方法 | TechAcademyマガジン","https://techacademy.jp/magazine/10268","- [git remoteでリモートリポジトリの追加を行う方法 | TechAcademyマガジン](https://techacademy.jp/magazine/10268)"
NA,"ブランチの統合｜サル先生のGit入門【プロジェクト管理ツールBacklog】","https://backlog.com/ja/git-tutorial/stepup/04/","- [ブランチの統合｜サル先生のGit入門【プロジェクト管理ツールBacklog】](https://backlog.com/ja/git-tutorial/stepup/04/)"
NA,"複数人開発の際にはGitのワークフロー、GitFlowとGitHub Flowを導入すると便利です - Qiita","https://qiita.com/yousan/items/f0801437644527b00342","- [複数人開発の際にはGitのワークフロー、GitFlowとGitHub Flowを導入すると便利です - Qiita](https://qiita.com/yousan/items/f0801437644527b00342)"
NA,"個人的Gitトラブルシューティング - Qiita","https://qiita.com/zakkiiii/items/6bad68c378412003c949","- [個人的Gitトラブルシューティング - Qiita](https://qiita.com/zakkiiii/items/6bad68c378412003c949)"
NA,"zenhub","https://app.zenhub.com/workspaces/study-6027f8fbdce6ee001c13df8f/roadmap","- [zenhub](https://app.zenhub.com/workspaces/study-6027f8fbdce6ee001c13df8f/roadmap)"
NA,"ベーシック認証（Basic認証）とは？設定方法と注意点・エラーになる原因を解説 | Webmedia","https://www.itra.co.jp/webmedia/basic_authentication.html","- [ベーシック認証（Basic認証）とは？設定方法と注意点・エラーになる原因を解説 | Webmedia](https://www.itra.co.jp/webmedia/basic_authentication.html)"
NA,"【JWT】 入門 - Qiita","https://qiita.com/Naoto9282/items/8427918564400968bd2b","- [【JWT】 入門 - Qiita](https://qiita.com/Naoto9282/items/8427918564400968bd2b)"
"hugo",NA,NA,NA
NA,"HugoとNetlifyを連携して静的ブログを公開する - RAYM DESIGN","https://raym-d.jp/blog/hugo-netlify/","- [HugoとNetlifyを連携して静的ブログを公開する - RAYM DESIGN](https://raym-d.jp/blog/hugo-netlify/)"
NA,"HugoとNetlifyで静的サイト構築するメモ(themeはsubmoduleを利用) - Qiita","https://qiita.com/jrfk/items/4c6df87ca72a76e30224","- [HugoとNetlifyで静的サイト構築するメモ(themeはsubmoduleを利用) - Qiita](https://qiita.com/jrfk/items/4c6df87ca72a76e30224)"
NA,"hugo を使って爆速でブログ・サイトを作る | STAY FREE","https://blog.u-chan-chi.com/post/hugo/","- [hugo を使って爆速でブログ・サイトを作る | STAY FREE](https://blog.u-chan-chi.com/post/hugo/)"
NA,"静的サイトジェネレータ「Hugo」と技術文書公開向けテーマ「Docsy」でOSSサイトを作る | さくらのナレッジ","https://knowledge.sakura.ad.jp/22908/","- [静的サイトジェネレータ「Hugo」と技術文書公開向けテーマ「Docsy」でOSSサイトを作る | さくらのナレッジ](https://knowledge.sakura.ad.jp/22908/)"
NA,"ダウンロード・他 | BOAT RACE オフィシャルウェブサイト","https://www.boatrace.jp/owpc/pc/extra/data/download.html","- [ダウンロード・他 | BOAT RACE オフィシャルウェブサイト](https://www.boatrace.jp/owpc/pc/extra/data/download.html)"
NA,"BOAT RACE Today's Race Information Index","http://www1.mbrace.or.jp/od2/K/dindex.html","- [BOAT RACE Today's Race Information Index](http://www1.mbrace.or.jp/od2/K/dindex.html)"
NA,"Hugo Theme Bootstrap4 Blog | Hugo Themes","https://themes.gohugo.io/hugo-theme-bootstrap4-blog/","- [Hugo Theme Bootstrap4 Blog | Hugo Themes](https://themes.gohugo.io/hugo-theme-bootstrap4-blog/)"
NA,"hugo-theme-bootstrap4-blog/config.toml at master · alanorth/hugo-theme-bootstrap4-blog","https://github.com/alanorth/hugo-theme-bootstrap4-blog/blob/master/exampleSite/config.toml","- [hugo-theme-bootstrap4-blog/config.toml at master · alanorth/hugo-theme-bootstrap4-blog](https://github.com/alanorth/hugo-theme-bootstrap4-blog/blob/master/exampleSite/config.toml)"
NA,"Host on Netlify | Hugo","https://gohugo.io/hosting-and-deployment/hosting-on-netlify/","- [Host on Netlify | Hugo](https://gohugo.io/hosting-and-deployment/hosting-on-netlify/)"
NA,"Netlify + Hugo でのCD環境構築時ハマりどころメモ – whasseのノート","https://tomtomtom.ga/posts/20190528_2/","- [Netlify + Hugo でのCD環境構築時ハマりどころメモ – whasseのノート](https://tomtomtom.ga/posts/20190528_2/)"
NA,"RStudioではグラブれないけど、ブログれる","https://ytake2.github.io/blog2/post/blogdown/","- [RStudioではグラブれないけど、ブログれる](https://ytake2.github.io/blog2/post/blogdown/)"
NA,"静的サイトジェネレータHugoを使ったサイト構築（テーマ編） · feedtailor Inc. スタッフブログ","http://staff.feedtailor.jp/2016/07/06/hugo_12/","- [静的サイトジェネレータHugoを使ったサイト構築（テーマ編） · feedtailor Inc. スタッフブログ](http://staff.feedtailor.jp/2016/07/06/hugo_12/)"
NA,"Hugoで新規記事を作成するときのTips的なメモ - Qiita","https://qiita.com/n0bisuke/items/4701481c3bca4df81b0b","- [Hugoで新規記事を作成するときのTips的なメモ - Qiita](https://qiita.com/n0bisuke/items/4701481c3bca4df81b0b)"
NA,"Hugoでwebサイト構築(2) サイト全体の設定'config.toml' | Watanabe-DENKI Inc. 渡辺電気株式会社","https://wdkk.co.jp/note/2015/0807-hugo-config/","- [Hugoでwebサイト構築(2) サイト全体の設定'config.toml' | Watanabe-DENKI Inc. 渡辺電気株式会社](https://wdkk.co.jp/note/2015/0807-hugo-config/)"
NA,"Mainroad | Hugo Themes","https://themes.gohugo.io/mainroad/","- [Mainroad | Hugo Themes](https://themes.gohugo.io/mainroad/)"
NA,"Creating a New Theme - Mainroad","https://mainroad-demo.netlify.app/post/creating-a-new-theme/","- [Creating a New Theme - Mainroad](https://mainroad-demo.netlify.app/post/creating-a-new-theme/)"
NA,"Hyde | Hugo Themes","https://themes.gohugo.io/themes/hyde/","- [Hyde | Hugo Themes](https://themes.gohugo.io/themes/hyde/)"
NA,"hyde-hyde | Hugo Themes","https://themes.gohugo.io/themes/hyde-hyde/","- [hyde-hyde | Hugo Themes](https://themes.gohugo.io/themes/hyde-hyde/)"
NA,"Techdoc | Hugo Themes","https://themes.gohugo.io/themes/hugo-theme-techdoc/","- [Techdoc | Hugo Themes](https://themes.gohugo.io/themes/hugo-theme-techdoc/)"
NA,"Github Style | Hugo Themes","https://themes.gohugo.io/themes/github-style/","- [Github Style | Hugo Themes](https://themes.gohugo.io/themes/github-style/)"
NA,"Zdoc | Hugo Themes","https://themes.gohugo.io/themes/hugo-theme-zdoc/","- [Zdoc | Hugo Themes](https://themes.gohugo.io/themes/hugo-theme-zdoc/)"
NA,"Whisper | Hugo Themes","https://themes.gohugo.io/themes/hugo-whisper-theme/","- [Whisper | Hugo Themes](https://themes.gohugo.io/themes/hugo-whisper-theme/)"
NA,"GitHub Pages でパスワードによる認証をつける | hgrs's Blog","https://blog.hgrs.me/20200406030144","- [GitHub Pages でパスワードによる認証をつける | hgrs's Blog](https://blog.hgrs.me/20200406030144)"
"MariaDB",NA,NA,NA
NA,"homebrew から MariaDB をインストールする方法 - Qiita","https://qiita.com/kozmats/items/ac32f1ac1d676a09e3b2","- [homebrew から MariaDB をインストールする方法 - Qiita](https://qiita.com/kozmats/items/ac32f1ac1d676a09e3b2)"
NA,"よく使うMariaDB か MySQLのSQLコマンドメモ - Qiita","https://qiita.com/pugiemonn/items/247dccb6dc56e373ba92","- [よく使うMariaDB か MySQLのSQLコマンドメモ - Qiita](https://qiita.com/pugiemonn/items/247dccb6dc56e373ba92)"
NA,"MariaDB10.1のインストール方法 - Qiita","https://qiita.com/hana_shin/items/4d7e9f07e206e989834b","- [MariaDB10.1のインストール方法 - Qiita](https://qiita.com/hana_shin/items/4d7e9f07e206e989834b)"
NA,"MariaDB (MySQL) のデータベースをダンプする - MariaDB データベースのバックアップ","https://www.ipentec.com/document/software-mariadb-dump-database","- [MariaDB (MySQL) のデータベースをダンプする - MariaDB データベースのバックアップ](https://www.ipentec.com/document/software-mariadb-dump-database)"
NA,"`mysql -u root -p` でERROR 1698 (28000): Access denied for user 'root'@'localhost'と表示されるときの解決方法 - ryotatake blog","https://ryotatake.hatenablog.com/entry/2019/11/12/access_denied_for_user_rootlocalhost","- [`mysql -u root -p` でERROR 1698 (28000): Access denied for user 'root'@'localhost'と表示されるときの解決方法 - ryotatake blog](https://ryotatake.hatenablog.com/entry/2019/11/12/access_denied_for_user_rootlocalhost)"
NA,"テーブルの一覧とテーブルに関する情報を取得する | MySQLの使い方","https://www.dbonline.jp/mysql/table/index2.html","- [テーブルの一覧とテーブルに関する情報を取得する | MySQLの使い方](https://www.dbonline.jp/mysql/table/index2.html)"
NA,"【MySQL】Mysql2::Error: Incorrect string value 【エラー】 - Qiita","https://qiita.com/tomaaaaaaaa/items/08ce75b95df3d310817a","- [【MySQL】Mysql2::Error: Incorrect string value 【エラー】 - Qiita](https://qiita.com/tomaaaaaaaa/items/08ce75b95df3d310817a)"
NA,"MariaDB のデータを mysqldump でバックアップ・リストアする - CUBE SUGAR CONTAINER","https://blog.amedama.jp/entry/2015/08/30/225750","- [MariaDB のデータを mysqldump でバックアップ・リストアする - CUBE SUGAR CONTAINER](https://blog.amedama.jp/entry/2015/08/30/225750)"
NA,"mysqldumpまとめ - Qiita","https://qiita.com/PlanetMeron/items/3a41e14607a65bc9b60c","- [mysqldumpまとめ - Qiita](https://qiita.com/PlanetMeron/items/3a41e14607a65bc9b60c)"
NA,"MariaDB データベースサーバーの起動・停止・サービス状態の表示","https://www.ipentec.com/document/software-mariadb-server-start-stop-show-status","- [MariaDB データベースサーバーの起動・停止・サービス状態の表示](https://www.ipentec.com/document/software-mariadb-server-start-stop-show-status)"
NA,"RからSQLiteを使う","https://oku.edu.mie-u.ac.jp/~okumura/stat/sqlite.html","- [RからSQLiteを使う](https://oku.edu.mie-u.ac.jp/~okumura/stat/sqlite.html)"
"Mermaid",NA,NA,NA
NA,"Mermaid Markdown Rstudio - Google 検索","https://www.google.com/search?q=Mermaid+Markdown+Rstudio&oq=Mermaid+Markdown+Rstudio&aqs=chrome..69i57.6802j0j1&sourceid=chrome&ie=UTF-8","- [Mermaid Markdown Rstudio - Google 検索](https://www.google.com/search?q=Mermaid+Markdown+Rstudio&oq=Mermaid+Markdown+Rstudio&aqs=chrome..69i57.6802j0j1&sourceid=chrome&ie=UTF-8)"
NA,"Mermaid live editor","https://mermaid-js.github.io/mermaid-live-editor/#/edit/eyJjb2RlIjoiZ3JhcGggVERcblx0QVtDaHJpc3RtYXNdIC0tPnxHZXQgbW9uZXl8IEIoR28gc2hvcHBpbmcpXG5cdEIgLS0-IEN7TGV0IG1lIHRoaW5rfVxuXHRDIC0tPnxPbmV8IERbTGFwdG9wXVxuXHRDIC0tPnxUd298IEVbaVBob25lXVxuXHRDIC0tPnxUaHJlZXwgRltmYTpmYS1jYXIgQ2FyXVxuXHRcdFx0XHRcdCIsIm1lcm1haWQiOnsidGhlbWUiOiJkZWZhdWx0In19","- [Mermaid live editor](https://mermaid-js.github.io/mermaid-live-editor/#/edit/eyJjb2RlIjoiZ3JhcGggVERcblx0QVtDaHJpc3RtYXNdIC0tPnxHZXQgbW9uZXl8IEIoR28gc2hvcHBpbmcpXG5cdEIgLS0-IEN7TGV0IG1lIHRoaW5rfVxuXHRDIC0tPnxPbmV8IERbTGFwdG9wXVxuXHRDIC0tPnxUd298IEVbaVBob25lXVxuXHRDIC0tPnxUaHJlZXwgRltmYTpmYS1jYXIgQ2FyXVxuXHRcdFx0XHRcdCIsIm1lcm1haWQiOnsidGhlbWUiOiJkZWZhdWx0In19)"
NA,"Class Diagram - mermaid - Markdownish syntax for generating flowcharts, sequence diagrams, class diagrams, gantt charts and git graphs.","https://mermaid-js.github.io/mermaid/#/classDiagram","- [Class Diagram - mermaid - Markdownish syntax for generating flowcharts, sequence diagrams, class diagrams, gantt charts and git graphs.](https://mermaid-js.github.io/mermaid/#/classDiagram)"
NA,"クラス図(Class Diagram) - UML入門 - IT専科","https://www.itsenka.com/contents/development/uml/class.html","- [クラス図(Class Diagram) - UML入門 - IT専科](https://www.itsenka.com/contents/development/uml/class.html)"
"Docker",NA,NA,NA
NA,"Dockerでホストとコンテナ間でのファイルコピー - Qiita","https://qiita.com/gologo13/items/7e4e404af80377b48fd5","- [Dockerでホストとコンテナ間でのファイルコピー - Qiita](https://qiita.com/gologo13/items/7e4e404af80377b48fd5)"
NA,"Docker for Windowsでイメージからコンテナを生成／操作してみる - Qiita","https://qiita.com/fkooo/items/ad7d023b59df71cc9a60","- [Docker for Windowsでイメージからコンテナを生成／操作してみる - Qiita](https://qiita.com/fkooo/items/ad7d023b59df71cc9a60)"
"latex",NA,NA,NA
NA,"アカデミックヤクザにキレられないためのLaTeX論文執筆メソッド - Qiita","https://qiita.com/suigin/items/10960e516f2d44f6b6de","- [アカデミックヤクザにキレられないためのLaTeX論文執筆メソッド - Qiita](https://qiita.com/suigin/items/10960e516f2d44f6b6de)"
NA,"lualatex 日本語 クラス - Google 検索","https://www.google.com/search?ei=0WtfX-zGJpX7wQOR04mQAg&q=lualatex+%E6%97%A5%E6%9C%AC%E8%AA%9E+%E3%82%AF%E3%83%A9%E3%82%B9&oq=lualatex+%E6%97%A5%E6%9C%AC%E8%AA%9E+%E3%82%AF%E3%83%A9%E3%82%B9&gs_lcp=CgZwc3ktYWIQAzIFCAAQzQIyBQgAEM0COgUIABCxAzoICAAQsQMQgwE6AggAOgQIABAKOgQIABAEOgYIABAEEB46BAgAEB5Q0pc3WLy9N2DAvzdoAHAAeAGAAY8CiAHZHJIBBjAuMjIuM5gBAKABAaoBB2d3cy13aXrAAQE&sclient=psy-ab&ved=0ahUKEwis872X3OjrAhWVfXAKHZFpAiIQ4dUDCA0&uact=5","- [lualatex 日本語 クラス - Google 検索](https://www.google.com/search?ei=0WtfX-zGJpX7wQOR04mQAg&q=lualatex+%E6%97%A5%E6%9C%AC%E8%AA%9E+%E3%82%AF%E3%83%A9%E3%82%B9&oq=lualatex+%E6%97%A5%E6%9C%AC%E8%AA%9E+%E3%82%AF%E3%83%A9%E3%82%B9&gs_lcp=CgZwc3ktYWIQAzIFCAAQzQIyBQgAEM0COgUIABCxAzoICAAQsQMQgwE6AggAOgQIABAKOgQIABAEOgYIABAEEB46BAgAEB5Q0pc3WLy9N2DAvzdoAHAAeAGAAY8CiAHZHJIBBjAuMjIuM5gBAKABAaoBB2d3cy13aXrAAQE&sclient=psy-ab&ved=0ahUKEwis872X3OjrAhWVfXAKHZFpAiIQ4dUDCA0&uact=5)"
NA,"天地有情 lualatex用の日本語クラスファイル","https://konoyonohana.blog.fc2.com/blog-entry-63.html","- [天地有情 lualatex用の日本語クラスファイル](https://konoyonohana.blog.fc2.com/blog-entry-63.html)"
"samba",NA,NA,NA
NA,"iPhoneからUbuntuの共有フォルダにアクセスするなら - 刹那（せつな）の瞬き","https://setsuna-no-matataki.hateblo.jp/entry/2019/12/27/234527","- [iPhoneからUbuntuの共有フォルダにアクセスするなら - 刹那（せつな）の瞬き](https://setsuna-no-matataki.hateblo.jp/entry/2019/12/27/234527)"
NA,"Ubuntuで簡単ファイルサーバー（NAS）構築 | パソコン工房 NEXMAG","https://www.pc-koubou.jp/magazine/10062","- [Ubuntuで簡単ファイルサーバー（NAS）構築 | パソコン工房 NEXMAG](https://www.pc-koubou.jp/magazine/10062)"
NA,"Ubuntu日本語フォーラム / Ubuntu 18.04 LTS でWineがインストールできない","https://forums.ubuntulinux.jp/viewtopic.php?id=19970","- [Ubuntu日本語フォーラム / Ubuntu 18.04 LTS でWineがインストールできない](https://forums.ubuntulinux.jp/viewtopic.php?id=19970)"
"Various",NA,NA,NA
NA,"aviatesk/intro-statistical-modeling: 『データ解析のための統計モデリング入門』の勉強ノート","https://github.com/aviatesk/intro-statistical-modeling","- [aviatesk/intro-statistical-modeling: 『データ解析のための統計モデリング入門』の勉強ノート](https://github.com/aviatesk/intro-statistical-modeling)"
NA,"ラズパイで自宅ファイルサーバを作る (1/2) - ITmedia NEWS","https://www.itmedia.co.jp/news/articles/2002/09/news012.html","- [ラズパイで自宅ファイルサーバを作る (1/2) - ITmedia NEWS](https://www.itmedia.co.jp/news/articles/2002/09/news012.html)"
NA,"INPUTしたらOUTPUT!","https://estrellita.hatenablog.com/","- [INPUTしたらOUTPUT!](https://estrellita.hatenablog.com/)"
NA,"履歴書にも書ける！Google公認の認定資格一覧｜Enazeal Engineer BLOG","https://www.seo-pro.jp/seo/google_qualification","- [履歴書にも書ける！Google公認の認定資格一覧｜Enazeal Engineer BLOG](https://www.seo-pro.jp/seo/google_qualification)"
NA,"他人にデータを渡さずに無料でアクセス解析できるオープンソースツール「umami」 - GIGAZINE","https://gigazine.net/news/20200820-umami-analytics/","- [他人にデータを渡さずに無料でアクセス解析できるオープンソースツール「umami」 - GIGAZINE](https://gigazine.net/news/20200820-umami-analytics/)"
NA,"ハイプ・サイクル - Wikipedia","https://ja.wikipedia.org/wiki/%E3%83%8F%E3%82%A4%E3%83%97%E3%83%BB%E3%82%B5%E3%82%A4%E3%82%AF%E3%83%AB#:~:text=%E3%83%8F%E3%82%A4%E3%83%97%E3%83%BB%E3%82%B5%E3%82%A4%E3%82%AF%E3%83%AB%EF%BC%88%E8%8B%B1%E8%AA%9E%3A%20hype,%E3%81%93%E3%81%AE%E7%94%A8%E8%AA%9E%E3%82%92%E9%80%A0%E3%82%8A%E5%87%BA%E3%81%97%E3%81%9F%E3%80%82","- [ハイプ・サイクル - Wikipedia](https://ja.wikipedia.org/wiki/%E3%83%8F%E3%82%A4%E3%83%97%E3%83%BB%E3%82%B5%E3%82%A4%E3%82%AF%E3%83%AB#:~:text=%E3%83%8F%E3%82%A4%E3%83%97%E3%83%BB%E3%82%B5%E3%82%A4%E3%82%AF%E3%83%AB%EF%BC%88%E8%8B%B1%E8%AA%9E%3A%20hype,%E3%81%93%E3%81%AE%E7%94%A8%E8%AA%9E%E3%82%92%E9%80%A0%E3%82%8A%E5%87%BA%E3%81%97%E3%81%9F%E3%80%82)"
NA,"S&P 500 - Wikipedia","https://ja.wikipedia.org/wiki/S%26P_500","- [S&P 500 - Wikipedia](https://ja.wikipedia.org/wiki/S%26P_500)"
NA,"SBI - Google 検索","https://www.google.com/search?q=SBI&oq=SBI+&aqs=chrome..69i57.1458j0j4&sourceid=chrome&ie=UTF-8","- [SBI - Google 検索](https://www.google.com/search?q=SBI&oq=SBI+&aqs=chrome..69i57.1458j0j4&sourceid=chrome&ie=UTF-8)"
NA,"先物取引 - Wikipedia","https://ja.wikipedia.org/wiki/%E5%85%88%E7%89%A9%E5%8F%96%E5%BC%95","- [先物取引 - Wikipedia](https://ja.wikipedia.org/wiki/%E5%85%88%E7%89%A9%E5%8F%96%E5%BC%95)"
NA,"社債 - Wikipedia","https://ja.wikipedia.org/wiki/%E7%A4%BE%E5%82%B5","- [社債 - Wikipedia](https://ja.wikipedia.org/wiki/%E7%A4%BE%E5%82%B5)"
NA,"「爪周囲炎」｜日本整形外科学会 症状・病気をしらべる","https://www.joa.or.jp/public/sick/condition/paronychia.html","- [「爪周囲炎」｜日本整形外科学会 症状・病気をしらべる](https://www.joa.or.jp/public/sick/condition/paronychia.html)"
NA,"動画で見る確定申告：令和元年分 確定申告特集","https://www.nta.go.jp/taxes/shiraberu/shinkoku/tokushu/tvcm.htm","- [動画で見る確定申告：令和元年分 確定申告特集](https://www.nta.go.jp/taxes/shiraberu/shinkoku/tokushu/tvcm.htm)"
NA,"ふるさと納税とは？ | ふるさと納税 [ふるさとチョイス]","https://www.furusato-tax.jp/about#section-01","- [ふるさと納税とは？ | ふるさと納税 [ふるさとチョイス]](https://www.furusato-tax.jp/about#section-01)"
NA,"GIGAZINE（ギガジン） - Adobeの永続ライセンス版「Lightroom 6」は崩壊しつつあるとの指摘","https://gigazine.net/","- [GIGAZINE（ギガジン） - Adobeの永続ライセンス版「Lightroom 6」は崩壊しつつあるとの指摘](https://gigazine.net/)"
NA,"【海外の反応】　パンドラの憂鬱","http://kaigainohannoublog.blog55.fc2.com/","- [【海外の反応】　パンドラの憂鬱](http://kaigainohannoublog.blog55.fc2.com/)"
NA,"初心者向け vimrcの設定方法 - Qiita","https://qiita.com/iwaseasahi/items/0b2da68269397906c14c","- [初心者向け vimrcの設定方法 - Qiita](https://qiita.com/iwaseasahi/items/0b2da68269397906c14c)"
NA,"はじめてのVim 〜 Vimはいいぞ！ゴリラと学ぶVim講座(1) | さくらのナレッジ","https://knowledge.sakura.ad.jp/21687/","- [はじめてのVim 〜 Vimはいいぞ！ゴリラと学ぶVim講座(1) | さくらのナレッジ](https://knowledge.sakura.ad.jp/21687/)"
NA,"GNOME Shell 拡張機能","https://extensions.gnome.org/","- [GNOME Shell 拡張機能](https://extensions.gnome.org/)"
NA,"komorikomash（こもりこましゃ）","http://sample.komorikomasha.info/","- [komorikomash（こもりこましゃ）](http://sample.komorikomasha.info/)"
NA,"作りながら学ぶ HTML/CSSデザインの教科書-公式サポートサイト","http://htmlcss.cat-speak.net/","- [作りながら学ぶ HTML/CSSデザインの教科書-公式サポートサイト](http://htmlcss.cat-speak.net/)"
NA,"ページタイトル","file:///home/guest/Dropbox/%E4%BD%9C%E3%82%8A%E3%81%AA%E3%81%8C%E3%82%89%E5%AD%A6%E3%81%B6HTML:CSS%E3%83%87%E3%82%B6%E3%82%A4%E3%83%B3%E3%81%AE%E6%95%99%E7%A7%91%E6%9B%B8/work/www/portfolio/01.html","- [ページタイトル](file:///home/guest/Dropbox/%E4%BD%9C%E3%82%8A%E3%81%AA%E3%81%8C%E3%82%89%E5%AD%A6%E3%81%B6HTML:CSS%E3%83%87%E3%82%B6%E3%82%A4%E3%83%B3%E3%81%AE%E6%95%99%E7%A7%91%E6%9B%B8/work/www/portfolio/01.html)"
NA,"現代の JavaScript チュートリアル","https://ja.javascript.info/","- [現代の JavaScript チュートリアル](https://ja.javascript.info/)"
NA,"苦しんで覚えるＣ言語 - 苦しんで覚えるC言語","https://9cguide.appspot.com/","- [苦しんで覚えるＣ言語 - 苦しんで覚えるC言語](https://9cguide.appspot.com/)"
NA,"2021年1月2日 開催一覧 | 艇国データバンク","http://www.boatrace-db.net/race/index/","- [2021年1月2日 開催一覧 | 艇国データバンク](http://www.boatrace-db.net/race/index/)"
NA,"2018年 同着レース一覧 | 艇国データバンク","http://www.boatrace-db.net/result/same/year/2018/","- [2018年 同着レース一覧 | 艇国データバンク](http://www.boatrace-db.net/result/same/year/2018/)"
NA,"JS Primer","https://jsprimer.net/","- [JS Primer](https://jsprimer.net/)"
NA,"Set R bookdown input directory - Stack Overflow","https://stackoverflow.com/questions/40578609/set-r-bookdown-input-directory","- [Set R bookdown input directory - Stack Overflow](https://stackoverflow.com/questions/40578609/set-r-bookdown-input-directory)"
NA,"Convert .png to multi-page pdf using Magick in R - Stack Overflow","https://stackoverflow.com/questions/57916839/convert-png-to-multi-page-pdf-using-magick-in-r","- [Convert .png to multi-page pdf using Magick in R - Stack Overflow](https://stackoverflow.com/questions/57916839/convert-png-to-multi-page-pdf-using-magick-in-r)"
NA,"【自然言語処理】感情分析の進め方＆ハマりやすいポイント - Qiita","https://qiita.com/toshiyuki_tsutsui/items/604f92dbe6e20a18a17e","- [【自然言語処理】感情分析の進め方＆ハマりやすいポイント - Qiita](https://qiita.com/toshiyuki_tsutsui/items/604f92dbe6e20a18a17e)"
NA,"【2021年】PCデスク周りの便利グッズおすすめ24選！愛用のアイテムを厳選して紹介 | SmartParty.jp","https://smartparty.jp/convenience-goods-summary","- [【2021年】PCデスク周りの便利グッズおすすめ24選！愛用のアイテムを厳選して紹介 | SmartParty.jp](https://smartparty.jp/convenience-goods-summary)"
NA,"ＲＤＤによる世論調査の現状と課題","https://www.jstage.jst.go.jp/article/mscom/94/0/94_13/_pdf","- [ＲＤＤによる世論調査の現状と課題](https://www.jstage.jst.go.jp/article/mscom/94/0/94_13/_pdf)"
NA,"代表的な機械学習手法一覧 - Qiita","https://qiita.com/tomomoto/items/b3fd1ec7f9b68ab6dfe2","- [代表的な機械学習手法一覧 - Qiita](https://qiita.com/tomomoto/items/b3fd1ec7f9b68ab6dfe2)"
"自作PC",NA,NA,NA
NA,"Amazon.co.jp : DDR3","https://www.amazon.co.jp/s?k=DDR3&__mk_ja_JP=%E3%82%AB%E3%82%BF%E3%82%AB%E3%83%8A&ref=nb_sb_noss_2","- [Amazon.co.jp : DDR3](https://www.amazon.co.jp/s?k=DDR3&__mk_ja_JP=%E3%82%AB%E3%82%BF%E3%82%AB%E3%83%8A&ref=nb_sb_noss_2)"
NA,"P8Z77-M | マザーボード | ASUS 日本","https://www.asus.com/jp/Motherboards/P8Z77M/","- [P8Z77-M | マザーボード | ASUS 日本](https://www.asus.com/jp/Motherboards/P8Z77M/)"
NA,"PRIME_PRO_TUF_GAMING_Intel_500_Series_BIOS_EM_WEB_JP.pdf","https://dlcdnets.asus.com/pub/ASUS/mb/13MANUAL/PRIME_PRO_TUF_GAMING_Intel_500_Series_BIOS_EM_WEB_JP.pdf","- [PRIME_PRO_TUF_GAMING_Intel_500_Series_BIOS_EM_WEB_JP.pdf](https://dlcdnets.asus.com/pub/ASUS/mb/13MANUAL/PRIME_PRO_TUF_GAMING_Intel_500_Series_BIOS_EM_WEB_JP.pdf)"
NA,"Seasonic Seasonic SS-460FL ATX 460W FANレス - 製品詳細 | パソコンSHOPアーク（ark）","https://www.ark-pc.co.jp/i/15600683/","- [Seasonic Seasonic SS-460FL ATX 460W FANレス - 製品詳細 | パソコンSHOPアーク（ark）](https://www.ark-pc.co.jp/i/15600683/)"
NA,"windows ディスクイメージ作成 - Google 検索","https://www.google.com/search?q=windows+%E3%83%87%E3%82%A3%E3%82%B9%E3%82%AF%E3%82%A4%E3%83%A1%E3%83%BC%E3%82%B8%E4%BD%9C%E6%88%90&oq=windows+%E3%83%87%E3%82%A3%E3%82%B9%E3%82%AF%E3%82%A4%E3%83%A1%E3%83%BC%E3%82%B8%E4%BD%9C%E6%88%90&aqs=chrome..69i57.7893j0j1&sourceid=chrome&ie=UTF-8","- [windows ディスクイメージ作成 - Google 検索](https://www.google.com/search?q=windows+%E3%83%87%E3%82%A3%E3%82%B9%E3%82%AF%E3%82%A4%E3%83%A1%E3%83%BC%E3%82%B8%E4%BD%9C%E6%88%90&oq=windows+%E3%83%87%E3%82%A3%E3%82%B9%E3%82%AF%E3%82%A4%E3%83%A1%E3%83%BC%E3%82%B8%E4%BD%9C%E6%88%90&aqs=chrome..69i57.7893j0j1&sourceid=chrome&ie=UTF-8)"
NA,"パソコン自作のススメ「ドライバー1本で始めよう！」－その8「ついに組み立て！（中編2）」　Text by 高橋敏也｜ものテクアーカイブス｜パソコン（PC）通販のドスパラ【公式】","https://www.dospara.co.jp/monotech/review/10560.html","- [パソコン自作のススメ「ドライバー1本で始めよう！」－その8「ついに組み立て！（中編2）」　Text by 高橋敏也｜ものテクアーカイブス｜パソコン（PC）通販のドスパラ【公式】](https://www.dospara.co.jp/monotech/review/10560.html)"
NA,"価格.com - ASUS P8Z77-M スペック・仕様","https://kakaku.com/item/K0000354566/spec/?lid=spec_anchorlink_details#tab","- [価格.com - ASUS P8Z77-M スペック・仕様](https://kakaku.com/item/K0000354566/spec/?lid=spec_anchorlink_details#tab)"
NA,"価格.com - ASUS TUF GAMING B560M-PLUS スペック・仕様","https://kakaku.com/item/K0001344551/spec/","- [価格.com - ASUS TUF GAMING B560M-PLUS スペック・仕様](https://kakaku.com/item/K0001344551/spec/)"
NA,"電源投入時のトラブル対策編4 ～電源は入るが画面に何も表示されない場合～ - AKIBA PC Hotline!","https://akiba-pc.watch.impress.co.jp/docs/dosv/705315.html","- [電源投入時のトラブル対策編4 ～電源は入るが画面に何も表示されない場合～ - AKIBA PC Hotline!](https://akiba-pc.watch.impress.co.jp/docs/dosv/705315.html)"
"Python",NA,NA,NA
NA,"Jupyter LabをDockerで環境構築する - Qiita","https://qiita.com/Esfahan/items/a3cb8e91e13b96eacc73","- [Jupyter LabをDockerで環境構築する - Qiita](https://qiita.com/Esfahan/items/a3cb8e91e13b96eacc73)"
NA,"pythonで日本語文の感情分析（＋言語処理の基礎） - Qiita","https://qiita.com/mtskhs/items/0323f299d03f5b07efdc","- [pythonで日本語文の感情分析（＋言語処理の基礎） - Qiita](https://qiita.com/mtskhs/items/0323f299d03f5b07efdc)"
NA,"jupyterlabとgithubを連携させよう！ - Qiita","https://qiita.com/cleeeear/items/2fa90aded84e90f9bff5","- [jupyterlabとgithubを連携させよう！ - Qiita](https://qiita.com/cleeeear/items/2fa90aded84e90f9bff5)"
NA,"【自然言語処理】テキストデータを極性辞書で感情分析してみる | SIMPLE TRAVELER","https://www.simpletraveler.jp/2020/04/25/nlp-emotion-analysis/","- [【自然言語処理】テキストデータを極性辞書で感情分析してみる | SIMPLE TRAVELER](https://www.simpletraveler.jp/2020/04/25/nlp-emotion-analysis/)"
"ubuntu",NA,NA,NA
NA,"/tmpディレクトリ | Linux技術者認定 LinuC | LPI-Japan","https://linuc.org/study/knowledge/548/","- [/tmpディレクトリ | Linux技術者認定 LinuC | LPI-Japan](https://linuc.org/study/knowledge/548/)"
NA,"deja-dup - Google 検索","https://www.google.com/search?q=deja-dup&oq=deja-dup&aqs=chrome..69i57.1226j0j1&sourceid=chrome&ie=UTF-8","- [deja-dup - Google 検索](https://www.google.com/search?q=deja-dup&oq=deja-dup&aqs=chrome..69i57.1226j0j1&sourceid=chrome&ie=UTF-8)"
NA,"BIOSとUEFI　パソコン初心者講座","https://www.pc-master.jp/jisaku/bios-uefi.html","- [BIOSとUEFI　パソコン初心者講座](https://www.pc-master.jp/jisaku/bios-uefi.html)"
NA,"ドライブの起動順位の変更　パソコン初心者講座","https://www.pc-master.jp/jisaku/boot.html","- [ドライブの起動順位の変更　パソコン初心者講座](https://www.pc-master.jp/jisaku/boot.html)"
NA,"マザーボードのCSM(Compatibility Supported Module)を有効にする方法（ASUS製マザーボード） | TSUKUMO サポートFAQ","https://faq.tsukumo.co.jp/index.php?solution_id=1308","- [マザーボードのCSM(Compatibility Supported Module)を有効にする方法（ASUS製マザーボード） | TSUKUMO サポートFAQ](https://faq.tsukumo.co.jp/index.php?solution_id=1308)"
NA,"価格.com - 『CSMを有効にできない。』 ASUS TUF GAMING B460M-PLUS のクチコミ掲示板","https://bbs.kakaku.com/bbs/K0001267980/SortID=23512439/","- [価格.com - 『CSMを有効にできない。』 ASUS TUF GAMING B460M-PLUS のクチコミ掲示板](https://bbs.kakaku.com/bbs/K0001267980/SortID=23512439/)"
NA,"B560M-PLUS csm - Google 検索","https://www.google.com/search?q=B560M-PLUS+csm&oq=B560M-PLUS+csm&aqs=chrome..69i57.2139j0j1&sourceid=chrome&ie=UTF-8","- [B560M-PLUS csm - Google 検索](https://www.google.com/search?q=B560M-PLUS+csm&oq=B560M-PLUS+csm&aqs=chrome..69i57.2139j0j1&sourceid=chrome&ie=UTF-8)"
NA,"「セキュアブート」って何さ – ライフボート　裏ブログ（非公式ブログ）","https://www.lifeboat.jp/newblog2/?p=2252","- [「セキュアブート」って何さ – ライフボート　裏ブログ（非公式ブログ）](https://www.lifeboat.jp/newblog2/?p=2252)"
NA,"UbuntuをUEFIモードでインストールする方法（Ubuntu 18.04 LTS 日本語Remix） | 普段使いのArch Linux","https://www.archlinux.site/2018/05/ubuntuuefiubuntu-1804-lts-remix.html","- [UbuntuをUEFIモードでインストールする方法（Ubuntu 18.04 LTS 日本語Remix） | 普段使いのArch Linux](https://www.archlinux.site/2018/05/ubuntuuefiubuntu-1804-lts-remix.html)"
NA,"Ubuntuのデータをバックアップして復元する手順｜データ復旧ポート：PC・HDDファイルの復元方法","https://datahukugen.com/ubuntuhukugen/","- [Ubuntuのデータをバックアップして復元する手順｜データ復旧ポート：PC・HDDファイルの復元方法](https://datahukugen.com/ubuntuhukugen/)"
NA,"Ubuntu 20.04 その74 - UbuntuとUEFIセキュアブート - kledgeb","https://kledgeb.blogspot.com/2020/06/ubuntu-2004-74-ubuntuuefi.html","- [Ubuntu 20.04 その74 - UbuntuとUEFIセキュアブート - kledgeb](https://kledgeb.blogspot.com/2020/06/ubuntu-2004-74-ubuntuuefi.html)"
NA,"Ubuntu 18.04 LTSインストールガイド【スクリーンショットつき解説】 | LFI","https://linuxfan.info/ubuntu-18-04-install-guide","- [Ubuntu 18.04 LTSインストールガイド【スクリーンショットつき解説】 | LFI](https://linuxfan.info/ubuntu-18-04-install-guide)"
NA,"Ubuntu20.04LTSのブートUSBをMacで作成する - Qiita","https://qiita.com/seigot/items/faea0998e17c40b3a63e","- [Ubuntu20.04LTSのブートUSBをMacで作成する - Qiita](https://qiita.com/seigot/items/faea0998e17c40b3a63e)"
NA,"Ubuntu 18.04 LTSインストールガイド【スクリーンショットつき解説】 | LFI","https://linuxfan.info/ubuntu-18-04-install-guide","- [Ubuntu 18.04 LTSインストールガイド【スクリーンショットつき解説】 | LFI](https://linuxfan.info/ubuntu-18-04-install-guide)"
NA,"balenaEtcher - Flash OS images to SD cards & USB drives","https://www.balena.io/etcher/","- [balenaEtcher - Flash OS images to SD cards & USB drives](https://www.balena.io/etcher/)"
NA,"日本国内のダウンロードサイト | Ubuntu Japanese Team","https://www.ubuntulinux.jp/ubuntu/mirrors","- [日本国内のダウンロードサイト | Ubuntu Japanese Team](https://www.ubuntulinux.jp/ubuntu/mirrors)"
NA,"Ubuntu 18.04 LTS 日本語 Remix リリース | Ubuntu Japanese Team","https://www.ubuntulinux.jp/News/ubuntu1804-ja-remix","- [Ubuntu 18.04 LTS 日本語 Remix リリース | Ubuntu Japanese Team](https://www.ubuntulinux.jp/News/ubuntu1804-ja-remix)"
NA,"Ubuntu 18.04 LTS 日本語 Remix リリース | Ubuntu Japanese Team","https://www.ubuntulinux.jp/News/ubuntu1804-ja-remix","- [Ubuntu 18.04 LTS 日本語 Remix リリース | Ubuntu Japanese Team](https://www.ubuntulinux.jp/News/ubuntu1804-ja-remix)"
NA,"Linuxでコマンドラインからマシンスペックを確認する方法 - Qiita","https://qiita.com/DaisukeMiyamoto/items/98ef077ddf44b5727c29","- [Linuxでコマンドラインからマシンスペックを確認する方法 - Qiita](https://qiita.com/DaisukeMiyamoto/items/98ef077ddf44b5727c29)"
NA,"子ディレクトリも含めて特定のファイルを見つけて削除する | ハックノート","https://hacknote.jp/archives/24511/","- [子ディレクトリも含めて特定のファイルを見つけて削除する | ハックノート](https://hacknote.jp/archives/24511/)"
"AWS",NA,NA,NA
NA,"CLF – AWS 認定 クラウドプラクティショナー – 分野 1: クラウドの概念 | Web問題集でAWS試験に合格しよう","https://learn-aws.cafe/clf/design-resilient-architectures","- [CLF – AWS 認定 クラウドプラクティショナー – 分野 1: クラウドの概念 | Web問題集でAWS試験に合格しよう](https://learn-aws.cafe/clf/design-resilient-architectures)"
NA,"AWS認定資格-練習問題　一覧","http://chuu-information.com/cloud/page-1573/","- [AWS認定資格-練習問題　一覧](http://chuu-information.com/cloud/page-1573/)"
NA,"AWS SAA/SAP資格 予想問題集 Web版 | 日本語完全無料","https://awsjp.com/exam/saa-sap/c/","- [AWS SAA/SAP資格 予想問題集 Web版 | 日本語完全無料](https://awsjp.com/exam/saa-sap/c/)"
NA,"【SAA-C02版】AWS 認定ソリューションアーキテクト アソシエイト模擬試験問題集（6回分390問） | Udemy","https://www.udemy.com/course/aws-knan/","- [【SAA-C02版】AWS 認定ソリューションアーキテクト アソシエイト模擬試験問題集（6回分390問） | Udemy](https://www.udemy.com/course/aws-knan/)"
NA,"ピアソン VUE - 予約されました。","https://wsr.pearsonvue.com/testtaker/checkout/OrderSummaryPage/AWS?conversationId=2630822","- [ピアソン VUE - 予約されました。](https://wsr.pearsonvue.com/testtaker/checkout/OrderSummaryPage/AWS?conversationId=2630822)"
NA,"ピアソン VUE - ダッシュボード","https://wsr.pearsonvue.com/testtaker/registration/Dashboard/AWS?conversationId=2631626","- [ピアソン VUE - ダッシュボード](https://wsr.pearsonvue.com/testtaker/registration/Dashboard/AWS?conversationId=2631626)"
NA,"This PowerPoint template is intended to be a quick and easy way to create presentations and marketing collateral that hold true to the AWS Training and Certification brand look and feel.","https://d1.awsstatic.com/ja_JP/training-and-certification/docs-certification-guide/Online-Proctoring_Exam-Guide.pdf","- [This PowerPoint template is intended to be a quick and easy way to create presentations and marketing collateral that hold true to the AWS Training and Certification brand look and feel.](https://d1.awsstatic.com/ja_JP/training-and-certification/docs-certification-guide/Online-Proctoring_Exam-Guide.pdf)"
NA,"停止したインスタンスの EBS 料金の停止","https://aws.amazon.com/jp/premiumsupport/knowledge-center/ebs-charge-stopped-instance/","- [停止したインスタンスの EBS 料金の停止](https://aws.amazon.com/jp/premiumsupport/knowledge-center/ebs-charge-stopped-instance/)"
NA,"Amazon EBS ボリュームの削除 - Amazon Elastic Compute Cloud","https://docs.aws.amazon.com/ja_jp/AWSEC2/latest/UserGuide/ebs-deleting-volume.html","- [Amazon EBS ボリュームの削除 - Amazon Elastic Compute Cloud](https://docs.aws.amazon.com/ja_jp/AWSEC2/latest/UserGuide/ebs-deleting-volume.html)"
NA,"AWS Glue コンソールでのジョブの使用 - AWS Glue","https://docs.aws.amazon.com/ja_jp/glue/latest/dg/console-jobs.html","- [AWS Glue コンソールでのジョブの使用 - AWS Glue](https://docs.aws.amazon.com/ja_jp/glue/latest/dg/console-jobs.html)"
NA,"【AWS資格】無料WEB問題集＆徹底解説 | ソリューションアーキテクト(SAA)","https://aws-exam.net/saa/","- [【AWS資格】無料WEB問題集＆徹底解説 | ソリューションアーキテクト(SAA)](https://aws-exam.net/saa/)"
NA,"AWS 認定 | AWS トレーニングと認定","https://www.aws.training/Certification","- [AWS 認定 | AWS トレーニングと認定](https://www.aws.training/Certification)"
NA,"AWS","https://aws.amazon.com/jp/","- [AWS](https://aws.amazon.com/jp/)"
"AWS 用語",NA,NA,NA
NA,"データウェアハウス - Google 検索","https://www.google.com/search?q=%E3%83%87%E3%83%BC%E3%82%BF%E3%82%A6%E3%82%A7%E3%82%A2%E3%83%8F%E3%82%A6%E3%82%B9&oq=%E3%83%87%E3%83%BC%E3%82%BF%E3%82%A6%E3%82%A7%E3%82%A2%E3%83%8F%E3%82%A6%E3%82%B9&aqs=chrome..69i57j69i61&sourceid=chrome&ie=UTF-8","- [データウェアハウス - Google 検索](https://www.google.com/search?q=%E3%83%87%E3%83%BC%E3%82%BF%E3%82%A6%E3%82%A7%E3%82%A2%E3%83%8F%E3%82%A6%E3%82%B9&oq=%E3%83%87%E3%83%BC%E3%82%BF%E3%82%A6%E3%82%A7%E3%82%A2%E3%83%8F%E3%82%A6%E3%82%B9&aqs=chrome..69i57j69i61&sourceid=chrome&ie=UTF-8)"
NA,"サーバー設定ツール「Chef」の概要と基礎的な使い方 | さくらのナレッジ","https://knowledge.sakura.ad.jp/867/","- [サーバー設定ツール「Chef」の概要と基礎的な使い方 | さくらのナレッジ](https://knowledge.sakura.ad.jp/867/)"
NA,"Amazon S3 Glacier（低コストで安全なクラウドアーカイブストレージ）| AWS","https://aws.amazon.com/jp/glacier/","- [Amazon S3 Glacier（低コストで安全なクラウドアーカイブストレージ）| AWS](https://aws.amazon.com/jp/glacier/)"
NA,"フェイルオーバーとは | クラウド・データセンター用語集／IDCフロンティア","https://www.idcf.jp/words/failover.html","- [フェイルオーバーとは | クラウド・データセンター用語集／IDCフロンティア](https://www.idcf.jp/words/failover.html)"
NA,"【初心者向け】ステートフル(Stateful)とステートレス(Stateless)の違い,IPv6やAWSでの考え方 | SEの道標","https://milestone-of-se.nesuke.com/nw-basic/as-nw-engineer/stateful-and-stateless/#:~:text=%E3%82%B9%E3%83%86%E3%83%BC%E3%83%88%E3%83%95%E3%83%AB%E3%81%A8%E3%81%AF%E3%80%81%E7%8A%B6%E6%B3%81%E3%81%AB%E3%82%88%E3%81%A3%E3%81%A6,%E5%A4%89%E3%82%8F%E3%82%8B%E3%82%82%E3%81%AE%E3%82%92%E8%A8%80%E3%81%84%E3%81%BE%E3%81%99%E3%80%82","- [【初心者向け】ステートフル(Stateful)とステートレス(Stateless)の違い,IPv6やAWSでの考え方 | SEの道標](https://milestone-of-se.nesuke.com/nw-basic/as-nw-engineer/stateful-and-stateless/#:~:text=%E3%82%B9%E3%83%86%E3%83%BC%E3%83%88%E3%83%95%E3%83%AB%E3%81%A8%E3%81%AF%E3%80%81%E7%8A%B6%E6%B3%81%E3%81%AB%E3%82%88%E3%81%A3%E3%81%A6,%E5%A4%89%E3%82%8F%E3%82%8B%E3%82%82%E3%81%AE%E3%82%92%E8%A8%80%E3%81%84%E3%81%BE%E3%81%99%E3%80%82)"
NA,"フェイルオーバー (アクティブ/アクティブとアクティブ/パッシブ) の設定 - Amazon Route 53","https://docs.aws.amazon.com/ja_jp/Route53/latest/DeveloperGuide/dns-failover-types.html","- [フェイルオーバー (アクティブ/アクティブとアクティブ/パッシブ) の設定 - Amazon Route 53](https://docs.aws.amazon.com/ja_jp/Route53/latest/DeveloperGuide/dns-failover-types.html)"
NA,"AWS Snowball（セキュアなペタバイト規模のデータ転送）| AWS","https://aws.amazon.com/jp/snowball/?whats-new-cards.sort-by=item.additionalFields.postDateTime&whats-new-cards.sort-order=desc","- [AWS Snowball（セキュアなペタバイト規模のデータ転送）| AWS](https://aws.amazon.com/jp/snowball/?whats-new-cards.sort-by=item.additionalFields.postDateTime&whats-new-cards.sort-order=desc)"
NA,"EC2 拡張ネットワーキングとプレイスメントグループの効果を試す | DevelopersIO","https://dev.classmethod.jp/articles/ec2-placement-group/","- [EC2 拡張ネットワーキングとプレイスメントグループの効果を試す | DevelopersIO](https://dev.classmethod.jp/articles/ec2-placement-group/)"
NA,"レガシー・アプリケーション - 意味・説明・解説 : ASCII.jpデジタル用語辞典","https://yougo.ascii.jp/caltar/%E3%83%AC%E3%82%AC%E3%82%B7%E3%83%BC%E3%83%BB%E3%82%A2%E3%83%97%E3%83%AA%E3%82%B1%E3%83%BC%E3%82%B7%E3%83%A7%E3%83%B3","- [レガシー・アプリケーション - 意味・説明・解説 : ASCII.jpデジタル用語辞典](https://yougo.ascii.jp/caltar/%E3%83%AC%E3%82%AC%E3%82%B7%E3%83%BC%E3%83%BB%E3%82%A2%E3%83%97%E3%83%AA%E3%82%B1%E3%83%BC%E3%82%B7%E3%83%A7%E3%83%B3)"
NA,"【AWS資格】問88 低レイテンシなサーバレスソリューション","https://aws-exam.net/saa/saa_q.php?q_id=77&q_num=88&level=desc","- [【AWS資格】問88 低レイテンシなサーバレスソリューション](https://aws-exam.net/saa/saa_q.php?q_id=77&q_num=88&level=desc)"
"転職",NA,NA,NA
NA,"ハイクラス転職・求人情報サイト AMBI（アンビ）","https://en-ambi.com/?PK=9B6DEF","- [ハイクラス転職・求人情報サイト AMBI（アンビ）](https://en-ambi.com/?PK=9B6DEF)"
NA,"エンジニアHub","https://eh-career.com/","- [エンジニアHub](https://eh-career.com/)"
"統計検定2級",NA,NA,NA
NA,"統計検定２級に楽に合格する方法 - Qiita","https://qiita.com/okoppe8/items/6caca7ab6509edf0c497","- [統計検定２級に楽に合格する方法 - Qiita](https://qiita.com/okoppe8/items/6caca7ab6509edf0c497)"
NA,"統計検定 2級｜統計検定：Japan Statistical Society Certificate","https://www.toukei-kentei.jp/about/grade2/","- [統計検定 2級｜統計検定：Japan Statistical Society Certificate](https://www.toukei-kentei.jp/about/grade2/)"
NA,"統計検定（CBT方式試験）｜統計検定（CBT方式試験）：Japan Statistical Society Certificate","https://www.toukei-kentei.jp/cbt/","- [統計検定（CBT方式試験）｜統計検定（CBT方式試験）：Japan Statistical Society Certificate](https://www.toukei-kentei.jp/cbt/)"
NA,"統計検定CBT方式　2級｜統計検定（CBT方式試験）：Japan Statistical Society Certificate","https://www.toukei-kentei.jp/cbt/cbt_about/grade2/","- [統計検定CBT方式　2級｜統計検定（CBT方式試験）：Japan Statistical Society Certificate](https://www.toukei-kentei.jp/cbt/cbt_about/grade2/)"
NA,"受験のご案内｜統計検定：Japan Statistical Society Certificate","https://www.toukei-kentei.jp/exam/","- [受験のご案内｜統計検定：Japan Statistical Society Certificate](https://www.toukei-kentei.jp/exam/)"
NA,"統計検定2級のためのチートシート - Qiita","https://qiita.com/akiyoshi_sasaki/items/c81032c1683f69ff9d11","- [統計検定2級のためのチートシート - Qiita](https://qiita.com/akiyoshi_sasaki/items/c81032c1683f69ff9d11)"
NA,"統計学の時間 | 統計WEB","https://bellcurve.jp/statistics/course/","- [統計学の時間 | 統計WEB](https://bellcurve.jp/statistics/course/)"
NA,"文系出身ド素人が統計検定2級に合格した話 - Cruise × Cruise","https://travel-times.hatenablog.com/entry/toukei-kentei","- [文系出身ド素人が統計検定2級に合格した話 - Cruise × Cruise](https://travel-times.hatenablog.com/entry/toukei-kentei)"
NA,"統計検定2級チートシート - Qiita","https://qiita.com/moriokumura/items/ed246efe11fc5d3fc760","- [統計検定2級チートシート - Qiita](https://qiita.com/moriokumura/items/ed246efe11fc5d3fc760)"
NA,"【失敗しない】統計検定２級向けのオススメ参考書（無料あり）","https://mimikousi.com/statistics2-textbook/","- [【失敗しない】統計検定２級向けのオススメ参考書（無料あり）](https://mimikousi.com/statistics2-textbook/)"
"買い物",NA,NA,NA
NA,"Apple Watch SEを購入 - Apple（日本）","https://www.apple.com/jp/shop/buy-watch/apple-watch-se","- [Apple Watch SEを購入 - Apple（日本）](https://www.apple.com/jp/shop/buy-watch/apple-watch-se)"
NA,"ロフト - Google 検索","https://www.google.com/search?q=%E3%83%AD%E3%83%95%E3%83%88&sxsrf=AOaemvJj5XhOjIHBhsEF4Q1MnzislvaTzQ%3A1637411258704&ei=uumYYcy4KpmtoAS07rHoBQ&ved=0ahUKEwjM_bOj-Kb0AhWZFogKHTR3DF0Q4dUDCA4&uact=5&oq=%E3%83%AD%E3%83%95%E3%83%88&gs_lcp=Cgdnd3Mtd2l6EAMyBAgjECcyBwgAEIAEEAQyBAgAEEMyBwgAEIAEEAQyCggAEIAEEAQQiwMyBwgAEEMQiwMyCggAEIAEEAQQiwMyCggAEIAEEAQQiwM6BwgjELADECc6BwgAEEcQsANKBAhBGABQ3AVYvwpglwxoAXACeACAAXWIAb4DkgEDMC40mAEAoAEByAEDuAEBwAEB&sclient=gws-wiz","- [ロフト - Google 検索](https://www.google.com/search?q=%E3%83%AD%E3%83%95%E3%83%88&sxsrf=AOaemvJj5XhOjIHBhsEF4Q1MnzislvaTzQ%3A1637411258704&ei=uumYYcy4KpmtoAS07rHoBQ&ved=0ahUKEwjM_bOj-Kb0AhWZFogKHTR3DF0Q4dUDCA4&uact=5&oq=%E3%83%AD%E3%83%95%E3%83%88&gs_lcp=Cgdnd3Mtd2l6EAMyBAgjECcyBwgAEIAEEAQyBAgAEEMyBwgAEIAEEAQyCggAEIAEEAQQiwMyBwgAEEMQiwMyCggAEIAEEAQQiwMyCggAEIAEEAQQiwM6BwgjELADECc6BwgAEEcQsANKBAhBGABQ3AVYvwpglwxoAXACeACAAXWIAb4DkgEDMC40mAEAoAEByAEDuAEBwAEB&sclient=gws-wiz)"
NA,"東急ハンズ - Google 検索","https://www.google.com/search?sxsrf=AOaemvIpcRJlTjXpjdvdQ_0F2AsY_v_eZw:1637411286710&q=%E6%9D%B1%E6%80%A5%E3%83%8F%E3%83%B3%E3%82%BA&stick=H4sIAAAAAAAAAONgFuLSz9U3yDA1Na-yUOIEsc2LLItTtASDM1NSyxMri_1SK0qCS1ILihex8j-bu_FZw9LHzf2Pmzc_btq1g5URAElbICdBAAAA&sa=X&ved=2ahUKEwjuqeGw-Kb0AhXP7WEKHer1D8sQxA16BAhNEAU&biw=1920&bih=879&dpr=1","- [東急ハンズ - Google 検索](https://www.google.com/search?sxsrf=AOaemvIpcRJlTjXpjdvdQ_0F2AsY_v_eZw:1637411286710&q=%E6%9D%B1%E6%80%A5%E3%83%8F%E3%83%B3%E3%82%BA&stick=H4sIAAAAAAAAAONgFuLSz9U3yDA1Na-yUOIEsc2LLItTtASDM1NSyxMri_1SK0qCS1ILihex8j-bu_FZw9LHzf2Pmzc_btq1g5URAElbICdBAAAA&sa=X&ved=2ahUKEwjuqeGw-Kb0AhXP7WEKHer1D8sQxA16BAhNEAU&biw=1920&bih=879&dpr=1)"
NA,"ファッション | PLAZA ONLINE STORE - プラザオンラインストア","https://www.plazastyle.com/ec/srDispCategoryTreeLink/doSearchCategory/11030000000/04-05/2/1","- [ファッション | PLAZA ONLINE STORE - プラザオンラインストア](https://www.plazastyle.com/ec/srDispCategoryTreeLink/doSearchCategory/11030000000/04-05/2/1)"
NA,"Apple Watch のバンドを取り換える - Apple サポート (日本)","https://support.apple.com/ja-jp/HT204818","- [Apple Watch のバンドを取り換える - Apple サポート (日本)](https://support.apple.com/ja-jp/HT204818)"
NA,"【Apple Watch】「スポーツバンド」「スポーツループ」どっちがおすすめ？実際に比較！ | ウサノ通信","https://usano.net/sport-loop-sport-band/#i-2","- [【Apple Watch】「スポーツバンド」「スポーツループ」どっちがおすすめ？実際に比較！ | ウサノ通信](https://usano.net/sport-loop-sport-band/#i-2)"
NA,"ゴールドアルミニウムケースとスポーツループ - Apple（日本）","https://www.apple.com/jp/shop/buy-watch/apple-watch-se?option.watch_cases=MKQG3J/A&option.watch_bands=ML303FE/A&preSelect=false&product=Z0YQ&step=detail#","- [ゴールドアルミニウムケースとスポーツループ - Apple（日本）](https://www.apple.com/jp/shop/buy-watch/apple-watch-se?option.watch_cases=MKQG3J/A&option.watch_bands=ML303FE/A&preSelect=false&product=Z0YQ&step=detail#)"
NA,"ロフト カバン - Google 検索","https://www.google.com/search?q=%E3%83%AD%E3%83%95%E3%83%88+%E3%82%AB%E3%83%90%E3%83%B3&oq=%E3%83%AD%E3%83%95%E3%83%88%E3%80%80%E3%82%AB%E3%83%90%E3%83%B3&aqs=chrome..69i57.2362j0j1&sourceid=chrome&ie=UTF-8","- [ロフト カバン - Google 検索](https://www.google.com/search?q=%E3%83%AD%E3%83%95%E3%83%88+%E3%82%AB%E3%83%90%E3%83%B3&oq=%E3%83%AD%E3%83%95%E3%83%88%E3%80%80%E3%82%AB%E3%83%90%E3%83%B3&aqs=chrome..69i57.2362j0j1&sourceid=chrome&ie=UTF-8)"
NA,"総額70億円還元キャンペーン／神奈川県キャッシュレス・消費喚起事業","https://70cp.pref.kanagawa.jp/","- [総額70億円還元キャンペーン／神奈川県キャッシュレス・消費喚起事業](https://70cp.pref.kanagawa.jp/)"
NA,"YT","https://www.youtube.com/","- [YT](https://www.youtube.com/)"
NA,"TODOリスト","https://docs.google.com/spreadsheets/d/1iM5VIH-uYOlboYBIgfV0X4hErrbTfgR83_9vzjVg-eU/edit#gid=0","- [TODOリスト](https://docs.google.com/spreadsheets/d/1iM5VIH-uYOlboYBIgfV0X4hErrbTfgR83_9vzjVg-eU/edit#gid=0)"
NA,"GitHub","https://github.com/tikeda-caravan?tab=repositories","- [GitHub](https://github.com/tikeda-caravan?tab=repositories)"
NA,"RS","http://localhost:8787/","- [RS](http://localhost:8787/)"
NA,"Amazon","https://www.amazon.co.jp/ref=nav_logo_prime","- [Amazon](https://www.amazon.co.jp/ref=nav_logo_prime)"
NA,"Dropbox","https://www.dropbox.com/h","- [Dropbox](https://www.dropbox.com/h)"
NA,"Trello","https://trello.com/b/gedkCNJ9/br-analysis","- [Trello](https://trello.com/b/gedkCNJ9/br-analysis)"
NA,"netlify","https://app.netlify.com/teams/tikeda-caravan/sites","- [netlify](https://app.netlify.com/teams/tikeda-caravan/sites)"
NA,"きなこもちの休憩所","https://kinakomoch.netlify.app/","- [きなこもちの休憩所](https://kinakomoch.netlify.app/)"
NA,"翻訳","https://translate.google.co.jp/?hl=ja","- [翻訳](https://translate.google.co.jp/?hl=ja)"
NA,"あんごうの経験","https://ango-blog.netlify.app/","- [あんごうの経験](https://ango-blog.netlify.app/)"
